FirstName,LastName,Comment
Joey,Superhero,1111
Joey,Superhero,1111
Joey,Superhero,1111
Joey,Superhero,1111
Joey,Superhero,1111
Joey,Superhero,1111
Joey,Superhero,1111
Joey,Superhero,1111
Joey,Superhero,1111
Joey,Superhero,1111
Joey,Superhero,1111
Joey,Superhero,1111
Joey,Superhero,1111
Joey,Superhero,1111
Joey,Superhero,1111
Joey,Superhero,1111
Joey,Superhero,1111
Joey,Superhero,1111
Joey,Superhero,1111
Joey,Superhero,1111
Joey,Superhero,1111
Joey,Superhero,1111
Joey,Superhero,1111
Joey,Superhero,1111
Joey,Superhero,1111
Joey,Superhero,1111
Joey,Superhero,1111
Joey,Superhero,1111
Joey,Superhero,1111
Joey,Superhero,1111
Joey,Superhero,1111
Joey,Superhero,1111
Joey,Superhero,1111
Joey,Superhero,1111
Joey,Superhero,1111
Joey,Superhero,1111
Joey,Superhero,1111
Joey,Superhero,1111
Joey,Superhero,1111
Joey,Superhero,1111
Joey,Superhero,1111
Joey,Superhero,1111
Joey,Superhero,1111
Joey,Superhero,1111
Joey,Superhero,1111
Joey,Superhero,1111
Joey,Superhero,1111
Joey,Superhero,1111
Joey,Superhero,1111
Joey,Superhero,1111
Joey,Superhero,1111
Joey,Superhero,1111
Joey,Superhero,1111
Joey,Superhero,1111
Joey,Superhero,1111
Joey,Superhero,1111
Joey,Superhero,1111
Joey,Superhero,1111
Joey,Superhero,1111
Joey,Superhero,1111
Joey,Superhero,1111
Joey,Superhero,1111
Joey,Superhero,1111
Joey,Superhero,1111
Joey,Superhero,1111
Joey,Superhero,1111
Joey,Superhero,1111
Joey,Superhero,1111
Joey,Superhero,1111
Joey,Superhero,1111
Joey,Superhero,1111
Joey,Superhero,1111
Joey,Superhero,1111
Joey,Superhero,1111
Joey,Superhero,1111
Joey,Superhero,1111
Joey,Superhero,1111
Joey,Superhero,1111
Joey,Superhero,1111
Joey,Superhero,1111
Joey,Superhero,1111
Joey,Superhero,1111
Joey,Superhero,1111
Joey,Superhero,1111
Joey,Superhero,1111
Joey,Superhero,1111
Joey,Superhero,1111
Joey,Superhero,1111
Joey,Superhero,1111
Joey,Superhero,1111
Joey,Superhero,1111
Joey,Superhero,1111
Joey,Superhero,1111
Joey,Superhero,1111
Joey,Superhero,1111
Joey,Superhero,1111
Joey,Superhero,1111
Joey,Superhero,1111
Joey,Superhero,1111
Joey,Superhero,1111
Joey,Superhero,1111
Joey,Superhero,1111
Joey,Superhero,1111
Joey,Superhero,1111
Joey,Superhero,1111
Joey,Superhero,1111
Joey,Superhero,1111
Joey,Superhero,1111
Joey,Superhero,1111
Joey,Superhero,1111
Joey,Superhero,1111
Joey,Superhero,1111
Joey,Superhero,1111
Joey,Superhero,1111
Joey,Superhero,1111
Joey,Superhero,1111
Joey,Superhero,1111
Joey,Superhero,1111
Joey,Superhero,1111
Joey,Superhero,1111
Joey,Superhero,1111
Joey,Superhero,1111
Joey,Superhero,1111
Joey,Superhero,1111
Joey,Superhero,1111
Joey,Superhero,1111
Joey,Superhero,1111
Joey,Superhero,1111
Joey,Superhero,1111
Joey,Superhero,1111
Joey,Superhero,1111
Joey,Superhero,1111
Joey,Superhero,1111
Joey,Superhero,1111
Joey,Superhero,1111
Joey,Superhero,1111
Joey,Superhero,1111
Joey,Superhero,1111
Joey,Superhero,1111
Joey,Superhero,1111
Joey,Superhero,1111
Joey,Superhero,1111
Joey,Superhero,1111
Joey,Superhero,1111
Joey,Superhero,1111
Joey,Superhero,1111
Joey,Superhero,1111
Joey,Superhero,1111
Joey,Superhero,1111
Joey,Superhero,1111
Joey,Superhero,1111
Joey,Superhero,1111
Joey,Superhero,1111
Joey,Superhero,1111
Joey,Superhero,1111
Joey,Superhero,1111
Joey,Superhero,1111
Joey,Superhero,1111
Joey,Superhero,1111
Joey,Superhero,1111
Joey,Superhero,1111
Joey,Superhero,1111
Joey,Superhero,1111
Joey,Superhero,1111
Joey,Superhero,1111
Joey,Superhero,1111
Joey,Superhero,1111
Joey,Superhero,1111
Joey,Superhero,1111
Joey,Superhero,1111
Joey,Superhero,1111
Joey,Superhero,1111
Joey,Superhero,1111
Joey,Superhero,1111
Joey,Superhero,1111
Joey,Superhero,1111
Joey,Superhero,1111
Joey,Superhero,1111
Joey,Superhero,1111
Joey,Superhero,1111
Joey,Superhero,1111
Joey,Superhero,1111
Joey,Superhero,1111
Joey,Superhero,1111
Joey,Superhero,1111
Joey,Superhero,1111
Joey,Superhero,1111
Joey,Superhero,1111
Joey,Superhero,1111
Joey,Superhero,1111
Joey,Superhero,1111
Joey,Superhero,1111
Joey,Superhero,1111
Joey,Superhero,1111
Joey,Superhero,1111
Joey,Superhero,1111
Joey,Superhero,1111
Joey,Superhero,1111
Joey,Superhero,1111
Joey,Superhero,1111
Joey,Superhero,1111
Joey,Superhero,1111
Joey,Superhero,1111
Joey,Superhero,1111
Joey,Superhero,1111
Joey,Superhero,1111
Joey,Superhero,1111
Joey,Superhero,1111
Joey,Superhero,1111
Joey,Superhero,1111
Joey,Superhero,1111
Joey,Superhero,1111
Joey,Superhero,1111
Joey,Superhero,1111
Joey,Superhero,1111
Joey,Superhero,1111
Joey,Superhero,1111
Joey,Superhero,1111
Joey,Superhero,1111
Joey,Superhero,1111
Joey,Superhero,1111
Joey,Superhero,1111
Joey,Superhero,1111
Joey,Superhero,1111
Joey,Superhero,1111
Joey,Superhero,1111
Joey,Superhero,1111
Joey,Superhero,1111
Joey,Superhero,1111
Joey,Superhero,1111
Joey,Superhero,1111
Joey,Superhero,1111
Joey,Superhero,1111
Joey,Superhero,1111
Joey,Superhero,1111
Joey,Superhero,1111
Joey,Superhero,1111
Joey,Superhero,1111
Joey,Superhero,1111
Joey,Superhero,1111
Joey,Superhero,1111
Joey,Superhero,1111
Joey,Superhero,1111
Joey,Superhero,1111
Joey,Superhero,1111
Joey,Superhero,1111
Joey,Superhero,1111
Joey,Superhero,1111
Joey,Superhero,1111
Joey,Superhero,1111
Joey,Superhero,1111
Joey,Superhero,1111
Joey,Superhero,1111
Joey,Superhero,1111
Joey,Superhero,1111
Joey,Superhero,1111
Joey,Superhero,1111
Joey,Superhero,1111
Joey,Superhero,1111
Joey,Superhero,1111
Joey,Superhero,1111
Joey,Superhero,1111
Joey,Superhero,1111
Joey,Superhero,1111
Joey,Superhero,1111
Joey,Superhero,1111
Joey,Superhero,1111
Joey,Superhero,1111
Joey,Superhero,1111
Joey,Superhero,1111
Joey,Superhero,1111
Joey,Superhero,1111
Joey,Superhero,1111
Joey,Superhero,1111
Joey,Superhero,1111
Joey,Superhero,1111
Joey,Superhero,1111
Joey,Superhero,1111
Joey,Superhero,1111
Joey,Superhero,1111
Joey,Superhero,1111
Joey,Superhero,1111
Joey,Superhero,1111
Joey,Superhero,1111
Joey,Superhero,1111
Joey,Superhero,1111
Joey,Superhero,1111
Joey,Superhero,1111
Joey,Superhero,1111
Joey,Superhero,1111
Joey,Superhero,1111
Joey,Superhero,1111
Joey,Superhero,1111
Joey,Superhero,1111
Joey,Superhero,1111
Joey,Superhero,1111
Joey,Superhero,1111
Joey,Superhero,1111
Joey,Superhero,1111
Joey,Superhero,1111
Joey,Superhero,1111
Joey,Superhero,1111
Joey,Superhero,1111
Joey,Superhero,1111
Joey,Superhero,1111
Joey,Superhero,1111
Joey,Superhero,1111
Joey,Superhero,1111
Joey,Superhero,1111
Joey,Superhero,1111
Joey,Superhero,1111
Joey,Superhero,1111
Joey,Superhero,1111
Joey,Superhero,1111
Joey,Superhero,1111
Joey,Superhero,1111
Joey,Superhero,1111
Joey,Superhero,1111
Joey,Superhero,1111
Joey,Superhero,1111
Joey,Superhero,1111
Joey,Superhero,1111
Joey,Superhero,1111
Joey,Superhero,1111
Joey,Superhero,1111
Joey,Superhero,1111
Joey,Superhero,1111
Joey,Superhero,1111
Joey,Superhero,1111
Joey,Superhero,1111
Joey,Superhero,1111
Joey,Superhero,1111
Joey,Superhero,1111
Joey,Superhero,1111
Joey,Superhero,1111
Joey,Superhero,1111
Joey,Superhero,1111
Joey,Superhero,1111
Joey,Superhero,1111
Joey,Superhero,1111
Joey,Superhero,1111
Joey,Superhero,1111
Joey,Superhero,1111
Joey,Superhero,1111
Joey,Superhero,1111
Joey,Superhero,1111
Joey,Superhero,1111
Joey,Superhero,1111
Joey,Superhero,1111
Joey,Superhero,1111
Joey,Superhero,1111
Joey,Superhero,1111
Joey,Superhero,1111
Joey,Superhero,1111
Joey,Superhero,1111
Joey,Superhero,1111
Joey,Superhero,1111
Joey,Superhero,1111
Joey,Superhero,1111
Joey,Superhero,1111
Joey,Superhero,1111
Joey,Superhero,1111
Joey,Superhero,1111
Joey,Superhero,1111
Joey,Superhero,1111
Joey,Superhero,1111
Joey,Superhero,1111
Joey,Superhero,1111
Joey,Superhero,1111
Joey,Superhero,1111
Joey,Superhero,1111
Joey,Superhero,1111
Joey,Superhero,1111
Joey,Superhero,1111
Joey,Superhero,1111
Joey,Superhero,1111
Joey,Superhero,1111
Joey,Superhero,1111
Joey,Superhero,1111
Joey,Superhero,1111
Joey,Superhero,1111
Joey,Superhero,1111
Joey,Superhero,1111
Joey,Superhero,1111
Joey,Superhero,1111
Joey,Superhero,1111
Joey,Superhero,1111
Joey,Superhero,1111
Joey,Superhero,1111
Joey,Superhero,1111
Joey,Superhero,1111
Joey,Superhero,1111
Joey,Superhero,1111
Joey,Superhero,1111
Joey,Superhero,1111
Joey,Superhero,1111
Joey,Superhero,1111
Joey,Superhero,1111
Joey,Superhero,1111
Joey,Superhero,1111
Joey,Superhero,1111
Joey,Superhero,1111
Joey,Superhero,1111
Joey,Superhero,1111
Joey,Superhero,1111
Joey,Superhero,1111
Joey,Superhero,1111
Joey,Superhero,1111
Joey,Superhero,1111
Joey,Superhero,1111
Joey,Superhero,1111
Joey,Superhero,1111
Joey,Superhero,1111
Joey,Superhero,1111
Joey,Superhero,1111
Joey,Superhero,1111
Joey,Superhero,1111
Joey,Superhero,1111
Joey,Superhero,1111
Joey,Superhero,1111
Joey,Superhero,1111
Joey,Superhero,1111
Joey,Superhero,1111
Joey,Superhero,1111
Joey,Superhero,1111
Joey,Superhero,1111
Joey,Superhero,1111
Joey,Superhero,1111
Joey,Superhero,1111
Joey,Superhero,1111
Joey,Superhero,1111
Joey,Superhero,1111
Joey,Superhero,1111
Joey,Superhero,1111
Joey,Superhero,1111
Joey,Superhero,1111
Joey,Superhero,1111
Joey,Superhero,1111
Joey,Superhero,1111
Joey,Superhero,1111
Joey,Superhero,1111
Joey,Superhero,1111
Joey,Superhero,1111
Joey,Superhero,1111
Joey,Superhero,1111
Joey,Superhero,1111
Joey,Superhero,1111
Joey,Superhero,1111
Joey,Superhero,1111
Joey,Superhero,1111
Joey,Superhero,1111
Joey,Superhero,1111
Joey,Superhero,1111
Joey,Superhero,1111
Joey,Superhero,1111
Joey,Superhero,1111
Joey,Superhero,1111
Joey,Superhero,1111
Joey,Superhero,1111
Joey,Superhero,1111
Joey,Superhero,1111
Joey,Superhero,1111
Joey,Superhero,1111
Joey,Superhero,1111
Joey,Superhero,1111
Joey,Superhero,1111
Joey,Superhero,1111
Joey,Superhero,1111
Joey,Superhero,1111
Joey,Superhero,1111
Joey,Superhero,1111
Joey,Superhero,1111
Joey,Superhero,1111
Joey,Superhero,1111
Joey,Superhero,1111
Joey,Superhero,1111
Joey,Superhero,1111
Joey,Superhero,1111
Joey,Superhero,1111
Joey,Superhero,1111
Joey,Superhero,1111
Joey,Superhero,1111
Joey,Superhero,1111
Joey,Superhero,1111
Joey,Superhero,1111
Joey,Superhero,1111
Joey,Superhero,1111
Joey,Superhero,1111
Joey,Superhero,1111
Joey,Superhero,1111
Joey,Superhero,1111
Joey,Superhero,1111
Joey,Superhero,1111
Joey,Superhero,1111
Joey,Superhero,1111
Joey,Superhero,1111
Joey,Superhero,1111
Joey,Superhero,1111
Joey,Superhero,1111
Joey,Superhero,1111
Joey,Superhero,1111
Joey,Superhero,1111
Joey,Superhero,1111
Joey,Superhero,1111
Joey,Superhero,1111
Joey,Superhero,1111
Joey,Superhero,1111
Joey,Superhero,1111
Joey,Superhero,1111
Joey,Superhero,1111
Joey,Superhero,1111
Joey,Superhero,1111
Joey,Superhero,1111
Joey,Superhero,1111
Joey,Superhero,1111
Joey,Superhero,1111
Joey,Superhero,1111
Joey,Superhero,1111
Joey,Superhero,1111
Joey,Superhero,1111
Joey,Superhero,1111
Joey,Superhero,1111
Joey,Superhero,1111
Joey,Superhero,1111
Joey,Superhero,1111
Joey,Superhero,1111
Joey,Superhero,1111
Joey,Superhero,1111
Joey,Superhero,1111
Joey,Superhero,1111
Joey,Superhero,1111
Joey,Superhero,1111
Joey,Superhero,1111
Joey,Superhero,1111
Joey,Superhero,1111
Joey,Superhero,1111
Joey,Superhero,1111
Joey,Superhero,1111
Joey,Superhero,1111
Joey,Superhero,1111
Joey,Superhero,1111
Joey,Superhero,1111
Joey,Superhero,1111
Joey,Superhero,1111
Joey,Superhero,1111
Joey,Superhero,1111
Joey,Superhero,1111
Joey,Superhero,1111
Joey,Superhero,1111
Joey,Superhero,1111
Joey,Superhero,1111
Joey,Superhero,1111
Joey,Superhero,1111
Joey,Superhero,1111
Joey,Superhero,1111
Joey,Superhero,1111
Joey,Superhero,1111
Joey,Superhero,1111
Joey,Superhero,1111
Joey,Superhero,1111
Joey,Superhero,1111
Joey,Superhero,1111
Joey,Superhero,1111
Joey,Superhero,1111
Joey,Superhero,1111
Joey,Superhero,1111
Joey,Superhero,1111
Joey,Superhero,1111
Joey,Superhero,1111
Joey,Superhero,1111
Joey,Superhero,1111
Joey,Superhero,1111
Joey,Superhero,1111
Joey,Superhero,1111
Joey,Superhero,1111
Joey,Superhero,1111
Joey,Superhero,1111
Joey,Superhero,1111
Joey,Superhero,1111
Joey,Superhero,1111
Joey,Superhero,1111
Joey,Superhero,1111
Joey,Superhero,1111
Joey,Superhero,1111
Joey,Superhero,1111
Joey,Superhero,1111
Joey,Superhero,1111
Joey,Superhero,1111
Joey,Superhero,1111
Joey,Superhero,1111
Joey,Superhero,1111
Joey,Superhero,1111
Joey,Superhero,1111
Joey,Superhero,1111
Joey,Superhero,1111
Joey,Superhero,1111
Joey,Superhero,1111
Joey,Superhero,1111
Joey,Superhero,1111
Joey,Superhero,1111
Joey,Superhero,1111
Joey,Superhero,1111
Joey,Superhero,1111
Joey,Superhero,1111
Joey,Superhero,1111
Joey,Superhero,1111
Joey,Superhero,1111
Joey,Superhero,1111
Joey,Superhero,1111
Joey,Superhero,1111
Joey,Superhero,1111
Joey,Superhero,1111
Joey,Superhero,1111
Joey,Superhero,1111
Joey,Superhero,1111
Joey,Superhero,1111
Joey,Superhero,1111
Joey,Superhero,1111
Joey,Superhero,1111
Joey,Superhero,1111
Joey,Superhero,1111
Joey,Superhero,1111
Joey,Superhero,1111
Joey,Superhero,1111
Joey,Superhero,1111
Joey,Superhero,1111
Joey,Superhero,1111
Joey,Superhero,1111
Joey,Superhero,1111
Joey,Superhero,1111
Joey,Superhero,1111
Joey,Superhero,1111
Joey,Superhero,1111
Joey,Superhero,1111
Joey,Superhero,1111
Joey,Superhero,1111
Joey,Superhero,1111
Joey,Superhero,1111
Joey,Superhero,1111
Joey,Superhero,1111
Joey,Superhero,1111
Joey,Superhero,1111
Joey,Superhero,1111
Joey,Superhero,1111
Joey,Superhero,1111
Joey,Superhero,1111
Joey,Superhero,1111
Joey,Superhero,1111
Joey,Superhero,1111
Joey,Superhero,1111
Joey,Superhero,1111
Joey,Superhero,1111
Joey,Superhero,1111
Joey,Superhero,1111
Joey,Superhero,1111
Joey,Superhero,1111
Joey,Superhero,1111
Joey,Superhero,1111
Joey,Superhero,1111
Joey,Superhero,1111
Joey,Superhero,1111
Joey,Superhero,1111
Joey,Superhero,1111
Joey,Superhero,1111
Joey,Superhero,1111
Joey,Superhero,1111
Joey,Superhero,1111
Joey,Superhero,1111
Joey,Superhero,1111
Joey,Superhero,1111
Joey,Superhero,1111
Joey,Superhero,1111
Joey,Superhero,1111
Joey,Superhero,1111
Joey,Superhero,1111
Joey,Superhero,1111
Joey,Superhero,1111
Joey,Superhero,1111
Joey,Superhero,1111
Joey,Superhero,1111
Joey,Superhero,1111
Joey,Superhero,1111
Joey,Superhero,1111
Joey,Superhero,1111
Joey,Superhero,1111
Joey,Superhero,1111
Joey,Superhero,1111
Joey,Superhero,1111
Joey,Superhero,1111
Joey,Superhero,1111
Joey,Superhero,1111
Joey,Superhero,1111
Joey,Superhero,1111
Joey,Superhero,1111
Joey,Superhero,1111
Joey,Superhero,1111
Joey,Superhero,1111
Joey,Superhero,1111
Joey,Superhero,1111
Joey,Superhero,1111
Joey,Superhero,1111
Joey,Superhero,1111
Joey,Superhero,1111
Joey,Superhero,1111
Joey,Superhero,1111
Joey,Superhero,1111
Joey,Superhero,1111
Joey,Superhero,1111
Joey,Superhero,1111
Joey,Superhero,1111
Joey,Superhero,1111
Joey,Superhero,1111
Joey,Superhero,1111
Joey,Superhero,1111
Joey,Superhero,1111
Joey,Superhero,1111
Joey,Superhero,1111
Joey,Superhero,1111
Joey,Superhero,1111
Joey,Superhero,1111
Joey,Superhero,1111
Joey,Superhero,1111
Joey,Superhero,1111
Joey,Superhero,1111
Joey,Superhero,1111
Joey,Superhero,1111
Joey,Superhero,1111
Joey,Superhero,1111
Joey,Superhero,1111
Joey,Superhero,1111
Joey,Superhero,1111
Joey,Superhero,1111
Joey,Superhero,1111
Joey,Superhero,1111
Joey,Superhero,1111
Joey,Superhero,1111
Joey,Superhero,1111
Joey,Superhero,1111
Joey,Superhero,1111
Joey,Superhero,1111
Joey,Superhero,1111
Joey,Superhero,1111
Joey,Superhero,1111
Joey,Superhero,1111
Joey,Superhero,1111
Joey,Superhero,1111
Joey,Superhero,1111
Joey,Superhero,1111
Joey,Superhero,1111
Joey,Superhero,1111
Joey,Superhero,1111
Joey,Superhero,1111
Joey,Superhero,1111
Joey,Superhero,1111
Joey,Superhero,1111
Joey,Superhero,1111
Joey,Superhero,1111
Joey,Superhero,1111
Joey,Superhero,1111
Joey,Superhero,1111
Joey,Superhero,1111
Joey,Superhero,1111
Joey,Superhero,1111
Joey,Superhero,1111
Joey,Superhero,1111
Joey,Superhero,1111
Joey,Superhero,1111
Joey,Superhero,1111
Joey,Superhero,1111
Joey,Superhero,1111
Joey,Superhero,1111
Joey,Superhero,1111
Joey,Superhero,1111
Joey,Superhero,1111
Joey,Superhero,1111
Joey,Superhero,1111
Joey,Superhero,1111
Joey,Superhero,1111
Joey,Superhero,1111
Joey,Superhero,1111
Joey,Superhero,1111
Joey,Superhero,1111
Joey,Superhero,1111
Joey,Superhero,1111
Joey,Superhero,1111
Joey,Superhero,1111
Joey,Superhero,1111
Joey,Superhero,1111
Joey,Superhero,1111
Joey,Superhero,1111
Joey,Superhero,1111
Joey,Superhero,1111
Joey,Superhero,1111
Joey,Superhero,1111
Joey,Superhero,1111
Joey,Superhero,1111
Joey,Superhero,1111
Joey,Superhero,1111
Joey,Superhero,1111
Joey,Superhero,1111
Joey,Superhero,1111
Joey,Superhero,1111
Joey,Superhero,1111
Joey,Superhero,1111
Joey,Superhero,1111
Joey,Superhero,1111
Joey,Superhero,1111
Joey,Superhero,1111
Joey,Superhero,1111
Joey,Superhero,1111
Joey,Superhero,1111
Joey,Superhero,1111
Joey,Superhero,1111
Joey,Superhero,1111
Joey,Superhero,1111
Joey,Superhero,1111
Joey,Superhero,1111
Joey,Superhero,1111
Joey,Superhero,1111
Joey,Superhero,1111
Joey,Superhero,1111
Joey,Superhero,1111
Joey,Superhero,1111
Joey,Superhero,1111
Joey,Superhero,1111
Joey,Superhero,1111
Joey,Superhero,1111
Joey,Superhero,1111
Joey,Superhero,1111
Joey,Superhero,1111
Joey,Superhero,1111
Joey,Superhero,1111
Joey,Superhero,1111
Joey,Superhero,1111
Joey,Superhero,1111
Joey,Superhero,1111
Joey,Superhero,1111
Joey,Superhero,1111
Joey,Superhero,1111
Joey,Superhero,1111
Joey,Superhero,1111
Joey,Superhero,1111
Joey,Superhero,1111
Joey,Superhero,1111
Joey,Superhero,1111
Joey,Superhero,1111
Joey,Superhero,1111
Joey,Superhero,1111
Joey,Superhero,1111
Joey,Superhero,1111
Joey,Superhero,1111
Joey,Superhero,1111
Joey,Superhero,1111
Joey,Superhero,1111
Joey,Superhero,1111
Joey,Superhero,1111
Joey,Superhero,1111
Joey,Superhero,1111
Joey,Superhero,1111
Joey,Superhero,1111
Joey,Superhero,1111
Joey,Superhero,1111
Joey,Superhero,1111
Joey,Superhero,1111
Joey,Superhero,1111
Joey,Superhero,1111
Joey,Superhero,1111
Joey,Superhero,1111
Joey,Superhero,1111
Joey,Superhero,1111
Joey,Superhero,1111
Joey,Superhero,1111
Joey,Superhero,1111
Joey,Superhero,1111
Joey,Superhero,1111
Joey,Superhero,1111
Joey,Superhero,1111
Joey,Superhero,1111
Joey,Superhero,1111
Joey,Superhero,1111
Joey,Superhero,1111
Joey,Superhero,1111
Joey,Superhero,1111
Joey,Superhero,1111
Joey,Superhero,1111
Joey,Superhero,1111
Joey,Superhero,1111
Joey,Superhero,1111
Joey,Superhero,1111
Joey,Superhero,1111
Joey,Superhero,1111
Joey,Superhero,1111
Joey,Superhero,1111
Joey,Superhero,1111
Joey,Superhero,1111
Joey,Superhero,1111
Joey,Superhero,1111
Joey,Superhero,1111
Joey,Superhero,1111
Joey,Superhero,1111
Joey,Superhero,1111
Joey,Superhero,1111
Joey,Superhero,1111
Joey,Superhero,1111
Joey,Superhero,1111
Joey,Superhero,1111
Joey,Superhero,1111
Joey,Superhero,1111
Joey,Superhero,1111
Joey,Superhero,1111
Joey,Superhero,1111
Joey,Superhero,1111
Joey,Superhero,1111
Joey,Superhero,1111
Joey,Superhero,1111
Joey,Superhero,1111
Joey,Superhero,1111
Joey,Superhero,1111
Joey,Superhero,1111
Joey,Superhero,1111
Joey,Superhero,1111
Joey,Superhero,1111
Joey,Superhero,1111
Joey,Superhero,1111
Joey,Superhero,1111
Joey,Superhero,1111
Joey,Superhero,1111
Joey,Superhero,1111
Joey,Superhero,1111
Joey,Superhero,1111
Joey,Superhero,1111
Joey,Superhero,1111
Joey,Superhero,1111
Joey,Superhero,1111
Joey,Superhero,1111
Joey,Superhero,1111
Joey,Superhero,1111
Joey,Superhero,1111
Joey,Superhero,1111
Joey,Superhero,1111
Joey,Superhero,1111
Joey,Superhero,1111
Joey,Superhero,1111
Joey,Superhero,1111
Joey,Superhero,1111
Joey,Superhero,1111
Joey,Superhero,1111
Joey,Superhero,1111
Joey,Superhero,1111
Joey,Superhero,1111
Joey,Superhero,1111
Joey,Superhero,1111
Joey,Superhero,1111
Joey,Superhero,1111
Joey,Superhero,1111
Joey,Superhero,1111
Joey,Superhero,1111
Joey,Superhero,1111
Joey,Superhero,1111
Joey,Superhero,1111
Joey,Superhero,1111
Joey,Superhero,1111
Joey,Superhero,1111
Joey,Superhero,1111
Joey,Superhero,1111
Joey,Superhero,1111
Joey,Superhero,1111
Joey,Superhero,1111
Joey,Superhero,1111
Joey,Superhero,1111
Joey,Superhero,1111
Joey,Superhero,1111
Joey,Superhero,1111
Joey,Superhero,1111
Joey,Superhero,1111
Joey,Superhero,1111
Joey,Superhero,1111
Joey,Superhero,1111
Joey,Superhero,1111
Joey,Superhero,1111
Joey,Superhero,1111
Joey,Superhero,1111
Joey,Superhero,1111
Joey,Superhero,1111
Joey,Superhero,1111
Joey,Superhero,1111
Joey,Superhero,1111
Joey,Superhero,1111
Joey,Superhero,1111
Joey,Superhero,1111
Joey,Superhero,1111
Joey,Superhero,1111
Joey,Superhero,1111
Joey,Superhero,1111
Joey,Superhero,1111
Joey,Superhero,1111
Joey,Superhero,1111
Joey,Superhero,1111
Joey,Superhero,1111
Joey,Superhero,1111
Joey,Superhero,1111
Joey,Superhero,1111
Joey,Superhero,1111
Joey,Superhero,1111
Joey,Superhero,1111
Joey,Superhero,1111
Joey,Superhero,1111
Joey,Superhero,1111
Joey,Superhero,1111
Joey,Superhero,1111
Joey,Superhero,1111
Joey,Superhero,1111
Joey,Superhero,1111
Joey,Superhero,1111
Joey,Superhero,1111
Joey,Superhero,1111
Joey,Superhero,1111
Joey,Superhero,1111
Joey,Superhero,1111
Joey,Superhero,1111
Joey,Superhero,1111
Joey,Superhero,1111
Joey,Superhero,1111
Joey,Superhero,1111
Joey,Superhero,1111
Joey,Superhero,1111
Joey,Superhero,1111
Joey,Superhero,1111
Joey,Superhero,1111
Joey,Superhero,1111
Joey,Superhero,1111
Joey,Superhero,1111
Joey,Superhero,1111
Joey,Superhero,1111
Joey,Superhero,1111
Joey,Superhero,1111
Joey,Superhero,1111
Joey,Superhero,1111
Joey,Superhero,1111
Joey,Superhero,1111
Joey,Superhero,1111
Joey,Superhero,1111
Joey,Superhero,1111
Joey,Superhero,1111
Joey,Superhero,1111
Joey,Superhero,1111
Joey,Superhero,1111
Joey,Superhero,1111
Joey,Superhero,1111
Joey,Superhero,1111
Joey,Superhero,1111
Joey,Superhero,1111
Joey,Superhero,1111
Joey,Superhero,1111
Joey,Superhero,1111
Joey,Superhero,1111
Joey,Superhero,1111
Joey,Superhero,1111
Joey,Superhero,1111
Joey,Superhero,1111
Joey,Superhero,1111
Joey,Superhero,1111
Joey,Superhero,1111
Joey,Superhero,1111
Joey,Superhero,1111
Joey,Superhero,1111
Joey,Superhero,1111
Joey,Superhero,1111
Joey,Superhero,1111
Joey,Superhero,1111
Joey,Superhero,1111
Joey,Superhero,1111
Joey,Superhero,1111
Joey,Superhero,1111
Joey,Superhero,1111
Joey,Superhero,1111
Joey,Superhero,1111
Joey,Superhero,1111
Joey,Superhero,1111
Joey,Superhero,1111
Joey,Superhero,1111
Joey,Superhero,1111
Joey,Superhero,1111
Joey,Superhero,1111
Joey,Superhero,1111
Joey,Superhero,1111
Joey,Superhero,1111
Joey,Superhero,1111
Joey,Superhero,1111
Joey,Superhero,1111
Joey,Superhero,1111
Joey,Superhero,1111
Joey,Superhero,1111
Joey,Superhero,1111
Joey,Superhero,1111
Joey,Superhero,1111
Joey,Superhero,1111
Joey,Superhero,1111
Joey,Superhero,1111
Joey,Superhero,1111
Joey,Superhero,1111
Joey,Superhero,1111
Joey,Superhero,1111
Joey,Superhero,1111
Joey,Superhero,1111
Joey,Superhero,1111
Joey,Superhero,1111
Joey,Superhero,1111
Joey,Superhero,1111
Joey,Superhero,1111
Joey,Superhero,1111
Joey,Superhero,1111
Joey,Superhero,1111
Joey,Superhero,1111
Joey,Superhero,1111
Joey,Superhero,1111
Joey,Superhero,1111
Joey,Superhero,1111
Joey,Superhero,1111
Joey,Superhero,1111
Joey,Superhero,1111
Joey,Superhero,1111
Joey,Superhero,1111
Joey,Superhero,1111
Joey,Superhero,1111
Joey,Superhero,1111
Joey,Superhero,1111
Joey,Superhero,1111
Joey,Superhero,1111
Joey,Superhero,1111
Joey,Superhero,1111
Joey,Superhero,1111
Joey,Superhero,1111
Joey,Superhero,1111
Joey,Superhero,1111
Joey,Superhero,1111
Joey,Superhero,1111
Joey,Superhero,1111
Joey,Superhero,1111
Joey,Superhero,1111
Joey,Superhero,1111
Joey,Superhero,1111
Joey,Superhero,1111
Joey,Superhero,1111
Joey,Superhero,1111
Joey,Superhero,1111
Joey,Superhero,1111
Joey,Superhero,1111
Joey,Superhero,1111
Joey,Superhero,1111
Joey,Superhero,1111
Joey,Superhero,1111
Joey,Superhero,1111
Joey,Superhero,1111
Joey,Superhero,1111
Joey,Superhero,1111
Joey,Superhero,1111
Joey,Superhero,1111
Joey,Superhero,1111
Joey,Superhero,1111
Joey,Superhero,1111
Joey,Superhero,1111
Joey,Superhero,1111
Joey,Superhero,1111
Joey,Superhero,1111
Joey,Superhero,1111
Joey,Superhero,1111
Joey,Superhero,1111
Joey,Superhero,1111
Joey,Superhero,1111
Joey,Superhero,1111
Joey,Superhero,1111
Joey,Superhero,1111
Joey,Superhero,1111
Joey,Superhero,1111
Joey,Superhero,1111
Joey,Superhero,1111
Joey,Superhero,1111
Joey,Superhero,1111
Joey,Superhero,1111
Joey,Superhero,1111
Joey,Superhero,1111
Joey,Superhero,1111
Joey,Superhero,1111
Joey,Superhero,1111
Joey,Superhero,1111
Joey,Superhero,1111
Joey,Superhero,1111
Joey,Superhero,1111
Joey,Superhero,1111
Joey,Superhero,1111
Joey,Superhero,1111
Joey,Superhero,1111
Joey,Superhero,1111
Joey,Superhero,1111
Joey,Superhero,1111
Joey,Superhero,1111
Joey,Superhero,1111
Joey,Superhero,1111
Joey,Superhero,1111
Joey,Superhero,1111
Joey,Superhero,1111
Joey,Superhero,1111
Joey,Superhero,1111
Joey,Superhero,1111
Joey,Superhero,1111
Joey,Superhero,1111
Joey,Superhero,1111
Joey,Superhero,1111
Joey,Superhero,1111
Joey,Superhero,1111
Joey,Superhero,1111
Joey,Superhero,1111
Joey,Superhero,1111
Joey,Superhero,1111
Joey,Superhero,1111
Joey,Superhero,1111
Joey,Superhero,1111
Joey,Superhero,1111
Joey,Superhero,1111
Joey,Superhero,1111
Joey,Superhero,1111
Joey,Superhero,1111
Joey,Superhero,1111
Joey,Superhero,1111
Joey,Superhero,1111
Joey,Superhero,1111
Joey,Superhero,1111
Joey,Superhero,1111
Joey,Superhero,1111
Joey,Superhero,1111
Joey,Superhero,1111
Joey,Superhero,1111
Joey,Superhero,1111
Joey,Superhero,1111
Joey,Superhero,1111
Joey,Superhero,1111
Joey,Superhero,1111
Joey,Superhero,1111
Joey,Superhero,1111
Joey,Superhero,1111
Joey,Superhero,1111
Joey,Superhero,1111
Joey,Superhero,1111
Joey,Superhero,1111
Joey,Superhero,1111
Joey,Superhero,1111
Joey,Superhero,1111
Joey,Superhero,1111
Joey,Superhero,1111
Joey,Superhero,1111
Joey,Superhero,1111
Joey,Superhero,1111
Joey,Superhero,1111
Joey,Superhero,1111
Joey,Superhero,1111
Joey,Superhero,1111
Joey,Superhero,1111
Joey,Superhero,1111
Joey,Superhero,1111
Joey,Superhero,1111
Joey,Superhero,1111
Joey,Superhero,1111
Joey,Superhero,1111
Joey,Superhero,1111
Joey,Superhero,1111
Joey,Superhero,1111
Joey,Superhero,1111
Joey,Superhero,1111
Joey,Superhero,1111
Joey,Superhero,1111
Joey,Superhero,1111
Joey,Superhero,1111
Joey,Superhero,1111
Joey,Superhero,1111
Joey,Superhero,1111
Joey,Superhero,1111
Joey,Superhero,1111
Joey,Superhero,1111
Joey,Superhero,1111
Joey,Superhero,1111
Joey,Superhero,1111
Joey,Superhero,1111
Joey,Superhero,1111
Joey,Superhero,1111
Joey,Superhero,1111
Joey,Superhero,1111
Joey,Superhero,1111
Joey,Superhero,1111
Joey,Superhero,1111
Joey,Superhero,1111
Joey,Superhero,1111
Joey,Superhero,1111
Joey,Superhero,1111
Joey,Superhero,1111
Joey,Superhero,1111
Joey,Superhero,1111
Joey,Superhero,1111
Joey,Superhero,1111
Joey,Superhero,1111
Joey,Superhero,1111
Joey,Superhero,1111
Joey,Superhero,1111
Joey,Superhero,1111
Joey,Superhero,1111
Joey,Superhero,1111
Joey,Superhero,1111
Joey,Superhero,1111
Joey,Superhero,1111
Joey,Superhero,1111
Joey,Superhero,1111
Joey,Superhero,1111
Joey,Superhero,1111
Joey,Superhero,1111
Joey,Superhero,1111
Joey,Superhero,1111
Joey,Superhero,1111
Joey,Superhero,1111
Joey,Superhero,1111
Joey,Superhero,1111
Joey,Superhero,1111
Joey,Superhero,1111
Joey,Superhero,1111
Joey,Superhero,1111
Joey,Superhero,1111
Joey,Superhero,1111
Joey,Superhero,1111
Joey,Superhero,1111
Joey,Superhero,1111
Joey,Superhero,1111
Joey,Superhero,1111
Joey,Superhero,1111
Joey,Superhero,1111
Joey,Superhero,1111
Joey,Superhero,1111
Joey,Superhero,1111
Joey,Superhero,1111
Joey,Superhero,1111
Joey,Superhero,1111
Joey,Superhero,1111
Joey,Superhero,1111
Joey,Superhero,1111
Joey,Superhero,1111
Joey,Superhero,1111
Joey,Superhero,1111
Joey,Superhero,1111
Joey,Superhero,1111
Joey,Superhero,1111
Joey,Superhero,1111
Joey,Superhero,1111
Joey,Superhero,1111
Joey,Superhero,1111
Joey,Superhero,1111
Joey,Superhero,1111
Joey,Superhero,1111
Joey,Superhero,1111
Joey,Superhero,1111
Joey,Superhero,1111
Joey,Superhero,1111
Joey,Superhero,1111
Joey,Superhero,1111
Joey,Superhero,1111
Joey,Superhero,1111
Joey,Superhero,1111
Joey,Superhero,1111
Joey,Superhero,1111
Joey,Superhero,1111
Joey,Superhero,1111
Joey,Superhero,1111
Joey,Superhero,1111
Joey,Superhero,1111
Joey,Superhero,1111
Joey,Superhero,1111
Joey,Superhero,1111
Joey,Superhero,1111
Joey,Superhero,1111
Joey,Superhero,1111
Joey,Superhero,1111
Joey,Superhero,1111
Joey,Superhero,1111
Joey,Superhero,1111
Joey,Superhero,1111
Joey,Superhero,1111
Joey,Superhero,1111
Joey,Superhero,1111
Joey,Superhero,1111
Joey,Superhero,1111
Joey,Superhero,1111
Joey,Superhero,1111
Joey,Superhero,1111
Joey,Superhero,1111
Joey,Superhero,1111
Joey,Superhero,1111
Joey,Superhero,1111
Joey,Superhero,1111
Joey,Superhero,1111
Joey,Superhero,1111
